SNP,p_AA,p_Aa,p_aa,slope1,slope2,ratio,cluster,ratio_cluster_mean,cluster_rank,positive
rs12046278,0.291197314740695,0.301565293487821,0.316723292905011,0.0103679787471256,0.0151579994171895,1.46200139746543,5,1.21928856583628,4,Positive
rs566260414,0.297266717745717,0.306619729498846,0.3214931338879,0.00935301175312869,0.0148734043890544,1.59022620538022,5,1.21928856583628,4,Positive
rs10776752,0.296307589786109,0.313806841510579,0.344821004594754,0.0174992517244698,0.0310141630841752,1.77231367217873,5,1.21928856583628,4,Positive
rs6587713,0.297089387426863,0.303977765514393,0.298494656343355,0.00688837808753073,-0.00548310917103884,-0.795994224092359,2,0.00829640960118403,3,Positive
rs2820290,0.303736908997469,0.29891443255578,0.290656780884325,-0.00482247644168871,-0.00825765167145498,1.71232597427959,5,1.21928856583628,4,Negative
rs7521297,0.294933115166467,0.302522856354905,0.306391387113101,0.00758974118843853,0.00386853075819632,0.509705227378407,2,0.00829640960118403,3,Positive
rs41407,0.301973807388145,0.296822070291856,0.292799879843726,-0.00515173709628874,-0.00402219044813035,0.780744508687737,5,1.21928856583628,4,Negative
rs17407658,0.294744870999376,0.298759941974027,0.303779752189473,0.00401507097465126,0.00501981021544584,1.25024196262978,5,1.21928856583628,4,Positive
rs1623841,0.295734138324797,0.299742777358822,0.306571007070969,0.00400863903402499,0.00682822971214725,1.70337854174193,5,1.21928856583628,4,Positive
rs73074830,0.301067991287092,0.292601104777701,0.296272686075688,-0.00846688650939109,0.00367158129798689,-0.433640074650173,2,0.00829640960118403,3,Negative
rs71313761,0.30039189872189,0.291236417362589,0.277835037869587,-0.00915548135930139,-0.0134013794930026,1.46375476799891,5,1.21928856583628,4,Negative
rs62247166,0.305696026979441,0.298541589628244,0.291532747048288,-0.00715443735119708,-0.00700884257995638,0.979649724486532,5,1.21928856583628,4,Negative
rs7373878,0.294168314904634,0.300247875412263,0.307730682005714,0.00607956050762948,0.00748280659345035,1.2308137379437,5,1.21928856583628,4,Positive
rs527422,0.302852182725774,0.299055702590863,0.293465349170776,-0.00379648013491068,-0.00559035342008718,1.4725095934734,5,1.21928856583628,4,Negative
rs145104998,0.299561785804106,0.284570002014349,0.303914366666771,-0.0149917837897572,0.0193443646524223,-1.29033108559362,2,0.00829640960118403,3,Negative
rs140859990,0.300019765334844,0.290746138963793,0.276856061734417,-0.00927362637105089,-0.0138900772293762,1.49780427565384,5,1.21928856583628,4,Negative
rs28925904,0.298329603907788,0.309971995136313,0.36202435273092,0.0116423912285248,0.052052357594607,4.47093355418899,3,5.16938966651413,6,Positive
rs114869572,0.299497765629278,0.279115397127185,0.274614402193566,-0.0203823685020931,-0.00450099493361927,0.220827865670128,2,0.00829640960118403,3,Negative
rs114093354,0.298409243292331,0.314283465460967,0.300235079270497,0.0158742221686352,-0.0140483861904695,-0.884981074425605,2,0.00829640960118403,3,Positive
,0.30662852326799,0.297038138642929,0.287687385719194,-0.00959038462506001,-0.00935075292373544,0.975013337765578,5,1.21928856583628,4,Negative
rs12202503,0.298484266809902,0.317790863576707,0.322318416014362,0.0193065967668045,0.00452755243765562,0.234508054026395,2,0.00829640960118403,3,Positive
rs180910332,0.299466673199413,0.289352084595091,0.311740353398266,-0.0101145886043223,0.0223882688031752,-2.21346311540619,4,-3.67626918136618,2,Negative
rs71565305,0.299633822543742,0.295868727492203,0.279069729443032,-0.00376509505153921,-0.0167989980491703,4.46177262969833,3,5.16938966651413,6,Negative
rs78578445,0.300487939470945,0.291277410824354,0.277998456930191,-0.00921052864659055,-0.0132789538941627,1.44171462938538,5,1.21928856583628,4,Negative
rs1737283,0.298008086221701,0.299724935045284,0.307152450545364,0.00171684882358381,0.00742751550007936,4.32624899644625,3,5.16938966651413,6,Positive
rs7763368,0.299585250282808,0.296456062759254,0.278028188122881,-0.00312918752355357,-0.0184278746363734,5.8890285410081,3,5.16938966651413,6,Negative
rs6415084,0.294627371654929,0.299653355616926,0.302355553955506,0.00502598396199655,0.00270219833857999,0.53764563496668,2,0.00829640960118403,3,Positive
rs9459371,0.300195705091907,0.291391067965235,0.288790867381538,-0.00880463712667184,-0.00260020058369709,0.295321720394395,2,0.00829640960118403,3,Negative
rs3918226,0.295452081198371,0.318391103122794,0.341539077546581,0.0229390219244229,0.0231479744237867,1.00910904135548,5,1.21928856583628,4,Positive
rs10254101,0.294409738694802,0.302594089022351,0.308767403316327,0.00818435032754861,0.00617331429397633,0.754282752681895,5,1.21928856583628,4,Positive
rs10253444,0.296331071634688,0.301586572457795,0.306904173674391,0.0052555008231075,0.00531760121659536,1.01181626558116,5,1.21928856583628,4,Positive
rs78558814,0.299770340208066,0.292060831315551,0.266838352382153,-0.00770950889251526,-0.0252224789333974,3.27160643888542,6,2.8542969227644,5,Negative
rs76000333,0.29698627722198,0.302640216757219,0.306289862896232,0.00565393953523935,0.00364964613901247,0.645504982192558,5,1.21928856583628,4,Positive
rs75940454,0.298560243040507,0.312914822143173,0.246868119380273,0.0143545791026654,-0.0660467027629,-4.60108947051162,4,-3.67626918136618,2,Positive
rs17647278,0.300546581072996,0.29483014916548,0.288534461230615,-0.00571643190751581,-0.00629568793486518,1.10133174622229,5,1.21928856583628,4,Negative
rs2284776,0.302889667911734,0.297799853680321,0.297099108314955,-0.00508981423141308,-0.000700745365366573,0.137676019891206,2,0.00829640960118403,3,Negative
rs11975457,0.298514117825323,0.313164510949705,0.382750113036065,0.0146503931243822,0.0695856020863598,4.74974299294064,3,5.16938966651413,6,Positive
rs181549524,0.29937365817506,0.284741543217649,0.223421163277646,-0.0146321149574113,-0.0613203799400026,4.19080769379433,3,5.16938966651413,6,Negative
rs186653774,0.298518168184842,0.311876882907291,0.366993088746929,0.0133587147224485,0.0551162058396381,4.12586143089189,3,5.16938966651413,6,Positive
rs149734585,0.298277545343516,0.304320008512053,0.326436302687052,0.00604246316853785,0.0221162941749985,3.66014546686102,6,2.8542969227644,5,Positive
rs3008288,0.302206452770621,0.296831464358473,0.292344816345576,-0.00537498841214878,-0.00448664801289683,0.834727011272418,5,1.21928856583628,4,Negative
rs13276110,0.300468041005426,0.297508764629942,0.289872377270771,-0.00295927637548415,-0.00763638735917105,2.58049144123002,6,2.8542969227644,5,Negative
rs1356627,0.302417470750736,0.296464561043959,0.287734829202013,-0.00595290970677698,-0.0087297318419457,1.46646468230612,5,1.21928856583628,4,Negative
rs958374,0.303794263915138,0.298608059508178,0.293778260609539,-0.00518620440695977,-0.00482979889863927,0.931278160220177,5,1.21928856583628,4,Negative
rs6980978,0.302427355536639,0.296438350093535,0.296429637227355,-0.0059890054431031,-8.71286618076006e-06,0.00145481019570515,2,0.00829640960118403,3,Negative
rs6983129,0.293015173372249,0.299548614403603,0.305432554558634,0.00653344103135406,0.00588394015503096,0.900588239305118,5,1.21928856583628,4,Positive
rs4128744,0.300545815843753,0.294454466086564,0.288576126848482,-0.00609134975718895,-0.00587833923808173,0.965030653697758,5,1.21928856583628,4,Negative
rs11778179,0.296662888711018,0.304510038418845,0.303007169694949,0.00784714970782707,-0.0015028687238961,-0.191517784144869,2,0.00829640960118403,3,Positive
rs28840432,0.302702540427033,0.297770340051512,0.295511444011558,-0.00493220037552167,-0.00225889603995372,0.457989511367895,2,0.00829640960118403,3,Negative
rs146685000,0.300523191123086,0.292263110627209,0.291883743221056,-0.00826008049587634,-0.000379367406152964,0.0459278098248987,2,0.00829640960118403,3,Negative
rs4437632,0.296323627528057,0.301921873917979,0.302539013458884,0.00559824638992268,0.000617139540904588,0.110238009891007,2,0.00829640960118403,3,Positive
rs6473163,0.29548594216531,0.299817781500212,0.305966415299969,0.00433183933490172,0.0061486337997575,1.41940485885934,5,1.21928856583628,4,Positive
rs2599705,0.293587359571492,0.299672734054656,0.304785784491782,0.00608537448316354,0.0051130504371264,0.840219521620686,5,1.21928856583628,4,Positive
rs140646267,0.302263087298528,0.292069328123439,0.287236574022025,-0.0101937591750887,-0.00483275410141371,0.474089491266764,2,0.00829640960118403,3,Negative
rs3802215,0.302375600275458,0.298643878703348,0.294310022447852,-0.00373172157210966,-0.00433385625549609,1.16135573668912,5,1.21928856583628,4,Negative
rs9410996,0.296855193091815,0.304765555306065,0.307801827582327,0.00791036221424946,0.00303627227626202,0.383834797197097,2,0.00829640960118403,3,Positive
rs1327532,0.295735934797642,0.300017394233974,0.307912098681562,0.00428145943633218,0.00789470444758789,1.84392835316713,5,1.21928856583628,4,Positive
rs2498857,0.295851526113623,0.301847273152584,0.303788601567342,0.00599574703896077,0.00194132841475825,0.323784242754633,2,0.00829640960118403,3,Positive
rs117037128,0.298380216316898,0.317180389751176,0.324736332457432,0.0188001734342781,0.00755594270625581,0.401908138383403,2,0.00829640960118403,3,Positive
rs7865897,0.299616533241146,0.284324427966874,0.289035433165091,-0.0152921052742725,0.00471100519821721,-0.308067797973051,2,0.00829640960118403,3,Negative
rs62577234,0.29837218184988,0.309076651245816,0.361561288393235,0.0107044693959356,0.0524846371474194,4.90305826530246,3,5.16938966651413,6,Positive
rs10961649,0.296136223220369,0.300371485716055,0.305483908412614,0.00423526249568601,0.00511242269655887,1.20710881598634,5,1.21928856583628,4,Positive
rs111207217,0.300239730074258,0.29431675699852,0.282080483715024,-0.00592297307573775,-0.0122362732834957,2.06590054133778,6,2.8542969227644,5,Negative
rs2382488,0.301295742911117,0.297612196702766,0.291786307033652,-0.00368354620835099,-0.00582588966911413,1.58159809585291,5,1.21928856583628,4,Negative
rs6475912,0.295266218647295,0.300129534794908,0.300553554097013,0.00486331614761321,0.00042401930210556,0.0871872790572455,2,0.00829640960118403,3,Positive
rs7871233,0.297211451036682,0.302823068482094,0.307443835999655,0.00561161744541233,0.00462076751756046,0.8234288175396,5,1.21928856583628,4,Positive
rs10992691,0.300306116083701,0.295254211560315,0.297765520888636,-0.00505190452338661,0.0025113093283215,-0.497101502353415,2,0.00829640960118403,3,Negative
rs75535153,0.299274962796357,0.283046883697923,0.345521516049182,-0.0162280790984347,0.0624746323512598,-3.84978603889636,4,-3.67626918136618,2,Negative
rs78503565,0.300190847896964,0.294314845700988,0.285853283971061,-0.00587600219597639,-0.00846156172992701,1.4400201782976,5,1.21928856583628,4,Negative
rs145158522,0.298251636781867,0.326550230787707,0.330411472113859,0.02829859400584,0.00386124132615212,0.136446401731311,2,0.00829640960118403,3,Positive
rs1613987,0.294636510224706,0.300257230785553,0.303168946789496,0.00562072056084728,0.00291171600394213,0.518032514233943,2,0.00829640960118403,3,Positive
rs72834448,0.29733286122182,0.30376406868441,0.310058090457283,0.00643120746258924,0.00629402177287314,0.978668750695088,5,1.21928856583628,4,Positive
rs141493439,0.298642440093138,0.313003781912649,0.417741998485786,0.0143613418195111,0.104738216573137,7.29306619739676,3,5.16938966651413,6,Positive
rs7078609,0.300194269193964,0.297420218141536,0.287604458069491,-0.00277405105242878,-0.00981576007204465,3.53842084609459,6,2.8542969227644,5,Negative
rs1456290,0.296765922796572,0.300722198403032,0.30861514020988,0.00395627560646017,0.00789294180684796,1.99504346814455,5,1.21928856583628,4,Positive
rs17156584,0.298237476570145,0.300436900688468,0.31315577455555,0.00219942411832313,0.0127188738670817,5.7828200396287,3,5.16938966651413,6,Positive
rs114556697,0.299334058202113,0.286469262020928,0.330687621577621,-0.0128647961811845,0.044218359556693,-3.43715974461879,4,-3.67626918136618,2,Negative
rs72908945,0.297889279673919,0.309574926410929,0.297674505399786,0.0116856467370098,-0.0119004210111429,-1.01837932285364,2,0.00829640960118403,3,Positive
rs143386970,0.29708629618603,0.305708615883741,0.317711551414152,0.00862231969771121,0.0120029355304115,1.39207730068252,5,1.21928856583628,4,Positive
rs11039216,0.304727234401403,0.298692176066125,0.291733338741951,-0.00603505833527784,-0.00695883732417379,1.15306877540786,5,1.21928856583628,4,Negative
rs1722012,0.29821560877979,0.299030666178134,0.299836541799451,0.000815057398344088,0.000805875621316954,0.9887348092959,5,1.21928856583628,4,Positive
rs11601631,0.29764325996808,0.300215416938285,0.303329770426722,0.00257215697020474,0.00311435348843708,1.21079449058242,5,1.21928856583628,4,Positive
rs12360817,0.299509930969444,0.298811706956643,0.298154105990895,-0.000698224012801785,-0.000657600965748129,0.94181946437126,5,1.21928856583628,4,Negative
rs12807075,0.296901723836218,0.300320871222863,0.304248857687743,0.00341914738664473,0.00392798646488024,1.14882045746932,5,1.21928856583628,4,Positive
rs28362934,0.298355914010305,0.301487423447607,0.305990144349604,0.00313150943730267,0.0045027209019971,1.43787556517011,5,1.21928856583628,4,Positive
rs146036367,0.29862934492369,0.309543424817876,0.300568348540305,0.0109140798941852,-0.00897507627757055,-0.822339250269942,2,0.00829640960118403,3,Positive
rs625153,0.298436733622023,0.312023780475468,0.356236628156064,0.0135870468534456,0.0442128476805955,3.25404395506174,6,2.8542969227644,5,Positive
rs10501798,0.296241244389364,0.301410041098437,0.303961353518023,0.00516879670907233,0.00255131241958584,0.493598909608448,2,0.00829640960118403,3,Positive
rs7949627,0.300094726180335,0.295997958580251,0.299224219917761,-0.00409676760008393,0.00322626133750992,-0.787513877390512,2,0.00829640960118403,3,Negative
rs11223408,0.299743830300263,0.294511158874714,0.302045227289386,-0.00523267142554884,0.00753406841467241,-1.43981301365243,2,0.00829640960118403,3,Negative
,0.306543823792695,0.29665182206847,0.286198255968723,-0.00989200172422489,-0.0104535660997473,1.05676953878275,5,1.21928856583628,4,Negative
rs11616465,0.296454378763905,0.302136497424588,0.307448028063996,0.00568211866068308,0.00531153063940781,0.934779957370564,5,1.21928856583628,4,Positive
rs9509903,0.295161419596065,0.298977940676404,0.304607151134647,0.00381652108033959,0.00562921045824255,1.47495856560071,5,1.21928856583628,4,Positive
rs60704898,0.302334534739388,0.297043271529115,0.2939274086611,-0.00529126321027312,-0.00311586286801485,0.588869376591458,2,0.00829640960118403,3,Negative
rs2250707,0.300744351096146,0.298502677119906,0.29135366460393,-0.00224167397623976,-0.00714901251597544,3.18914016567538,6,2.8542969227644,5,Negative
rs117909153,0.29815109250209,0.309548383832139,0.310363038260963,0.0113972913300486,0.000814654428824779,0.0714778981455854,2,0.00829640960118403,3,Positive
rs34760140,0.297656025725143,0.303757162061792,0.313466438324109,0.0061011363366486,0.00970927626231655,1.59138818190218,5,1.21928856583628,4,Positive
rs11158369,0.296797314859192,0.30044660146192,0.305479841643505,0.00364928660272862,0.00503324018158491,1.37923948692369,5,1.21928856583628,4,Positive
rs2759301,0.291489472999345,0.299340512897469,0.30956449277655,0.00785103989812475,0.0102239798790809,1.30224530912433,5,1.21928856583628,4,Positive
rs62022865,0.297184747968458,0.303355999197316,0.311484630873513,0.00617125122885825,0.00812863167619615,1.3171772424666,5,1.21928856583628,4,Positive
rs55872905,0.298969127277709,0.297890866983561,0.307484137808404,-0.0010782602941477,0.00959327082484274,-8.89698978707698,1,-8.57193406235184,1,Negative
rs9933330,0.302775312648016,0.292298523977882,0.280299261343866,-0.0104767886701346,-0.0119992626340159,1.14531876243923,5,1.21928856583628,4,Negative
rs77924615,0.303045356188723,0.292265109342782,0.2802483161095,-0.0107802468459405,-0.012016793233283,1.11470483051213,5,1.21928856583628,4,Negative
rs9915736,0.296627195516124,0.301536433720336,0.308538253066151,0.00490923820421207,0.00700181934581551,1.42625373928852,5,1.21928856583628,4,Positive
rs72843596,0.297208675300652,0.30357993434516,0.30548225109043,0.00637125904450841,0.00190231674526975,0.298577837124581,2,0.00829640960118403,3,Positive
rs7221964,0.299848581125265,0.297826165437181,0.287317044038866,-0.00202241568808448,-0.0105091213983146,5.19632114220212,3,5.16938966651413,6,Negative
rs216461,0.300317584688765,0.295358105342425,0.282973763564604,-0.0049594793463405,-0.0123843417778206,2.49710522274051,6,2.8542969227644,5,Negative
rs7233089,0.295501200257924,0.301665074377171,0.308896033879158,0.00616387411924724,0.00723095950198721,1.17311926916351,5,1.21928856583628,4,Positive
rs9952685,0.295281020563965,0.301246893483901,0.303770765961106,0.00596587291993567,0.00252387247720487,0.423051665879615,2,0.00829640960118403,3,Positive
rs139450949,0.298373288382183,0.317487770669802,0.362256081555858,0.0191144822876191,0.0447683108860556,2.34211474903785,6,2.8542969227644,5,Positive
rs113979737,0.297940519554936,0.308912822897542,0.316636188197604,0.0109723033426066,0.00772336530006124,0.703896443517979,5,1.21928856583628,4,Positive
rs17744182,0.299236448696799,0.290939204723033,0.354735077416024,-0.00829724397376563,0.0637958726929907,-7.68880279942371,1,-8.57193406235184,1,Negative
rs10775464,0.294937181119333,0.299625154242111,0.302044544700572,0.00468797312277813,0.00241939045846112,0.516084541249966,2,0.00829640960118403,3,Positive
rs7230107,0.295416228920102,0.299611626704599,0.302965316997322,0.00419539778449629,0.00335369029272325,0.799373614849231,5,1.21928856583628,4,Positive
rs56145860,0.300565756854913,0.296415799171567,0.297239655868179,-0.00414995768334536,0.000823856696611391,-0.198521710213504,2,0.00829640960118403,3,Negative
rs7230932,0.301387285037241,0.297372277601837,0.297090425687703,-0.00401500743540373,-0.000281851914134434,0.0701995995447248,2,0.00829640960118403,3,Negative
rs189752347,0.299290911869103,0.28465928138195,0.187461147682491,-0.0146316304871529,-0.0971981336994589,6.64301451467097,3,5.16938966651413,6,Negative
rs10853981,0.295660979413433,0.300002343018039,0.307915144986737,0.00434136360460574,0.00791280196869804,1.82265359213482,5,1.21928856583628,4,Positive
rs73046792,0.301263631923016,0.29418587946413,0.286659468608867,-0.00707775245888564,-0.00752641085526295,1.06338995309366,5,1.21928856583628,4,Negative
rs681343,0.304299569417415,0.298234987154431,0.294651837001501,-0.00606458226298356,-0.00358315015292987,0.590832145983141,2,0.00829640960118403,3,Negative
rs6031431,0.291209670577246,0.299283849927647,0.309774842142752,0.00807417935040078,0.0104909922151045,1.29932613084496,5,1.21928856583628,4,Positive
rs4413223,0.296141612237135,0.303786973763824,0.315996727050829,0.00764536152668827,0.0122097532870054,1.59701450930526,5,1.21928856583628,4,Positive
rs6095302,0.301287067275332,0.293569174141443,0.281432109198757,-0.00771789313388954,-0.0121370649426856,1.57258784646698,5,1.21928856583628,4,Negative
rs6017279,0.296452254285591,0.30546204897544,0.321150961955751,0.00900979468984964,0.0156889129803109,1.74131747951881,5,1.21928856583628,4,Positive
rs2424881,0.304598340921283,0.298028555007211,0.292552939702682,-0.00656978591407187,-0.00547561530452906,0.833454145408422,5,1.21928856583628,4,Negative
rs6086550,0.304862632140729,0.295740115411823,0.28740075169505,-0.00912251672890585,-0.00833936371677346,0.914151649659258,5,1.21928856583628,4,Negative
rs62208606,0.300206008034176,0.289100025678729,0.275600152488404,-0.0111059823554466,-0.0134998731903251,1.21554967028239,5,1.21928856583628,4,Negative
rs6077892,0.302696632466835,0.297283892011613,0.292850274552246,-0.00541274045522211,-0.0044336174593671,0.819107713744085,5,1.21928856583628,4,Negative
rs6085496,0.303090302517235,0.297176570045515,0.293688856253069,-0.00591373247172022,-0.00348771379244606,0.589765230186601,2,0.00829640960118403,3,Negative
rs6046625,0.299329036437751,0.297197979732836,0.306318577523421,-0.00213105670491487,0.00912059779058527,-4.27984753739794,4,-3.67626918136618,2,Negative
rs57344541,0.299180052846569,0.278498980272645,0.467317371422347,-0.0206810725739246,0.188818391149703,-9.13000960055482,1,-8.57193406235184,1,Negative
rs721034,0.299819875817328,0.289238361615416,0.27324811710517,-0.0105815142019123,-0.0159902445102459,1.51114899107314,5,1.21928856583628,4,Negative
rs77164088,0.297880632295455,0.310080567687874,0.318065564369867,0.0121999353924191,0.00798499668199287,0.654511390851678,5,1.21928856583628,4,Positive
rs111331212,0.297721981159744,0.303797896766215,0.31682466226123,0.00607591560647186,0.0130267654950149,2.14400040071973,6,2.8542969227644,5,Positive
rs2836108,0.296609480402115,0.301721864242641,0.301930829472089,0.00511238384052637,0.000208965229448244,0.0408743232054987,2,0.00829640960118403,3,Positive
rs845957,0.297208216142375,0.301681615117249,0.308164627730158,0.00447339897487425,0.00648301261290868,1.44923639704883,5,1.21928856583628,4,Positive
rs4148130,0.301268587304242,0.297512435208906,0.294295218719269,-0.00375615209533547,-0.00321721648963758,0.856519227118846,5,1.21928856583628,4,Negative
rs73170631,0.297470822260945,0.310021096541646,0.324705262731476,0.0125502742807003,0.0146841661898299,1.17002751186172,5,1.21928856583628,4,Positive
rs5752822,0.296159936376685,0.30424207980879,0.312500503829011,0.00808214343210439,0.00825842402022187,1.02181111849825,5,1.21928856583628,4,Positive
rs75674612,0.299864123253041,0.285724177103752,0.275773770919937,-0.0141399461492898,-0.00995040618381476,0.703708916480883,5,1.21928856583628,4,Negative
rs1962595,0.301314725255309,0.294874930545416,0.292040467487796,-0.00643979470989292,-0.00283446305761931,0.440148045909749,2,0.00829640960118403,3,Negative
rs12628909,0.295670128615966,0.299553176777969,0.30579495237913,0.00388304816200347,0.0062417756011609,1.60744223114154,5,1.21928856583628,4,Positive
rs35297888,0.297787197960837,0.297807955600533,0.303636931483338,2.07576396957787e-05,0.0058289758828054,280.811111871779,7,168.673351881076,7,Positive
rs10837574,0.298510918273003,0.298667211137803,0.307503320757507,0.000156292864799901,0.00883610961970444,56.535591890373,7,168.673351881076,7,Positive
